Номер смены,Nпп,Id агрегата,Код транспортной упаковки (level 2),Код групповой упаковки (level 1),Дата,Код потребительской упаковки,Статус,Качество,Тип считываемого кода,Повторный код
9,1,null,,,"29.09.2026, 07:00:00",0104607154941041215m/Cvp93LLzA,left_line,1,datamatrix,0
9,2,null,,,"29.09.2026, 07:00:00",0104607154941041215Z=NJ!93DIti,left_line,1,datamatrix,0
9,3,null,,,"29.09.2026, 07:00:00",0104607154941041215KsITG93NqD7,left_line,1,datamatrix,0
9,4,null,,,"29.09.2026, 07:00:00",0104607154941041215PLw;j93OBp9,left_line,1,datamatrix,0
9,5,null,,,"29.09.2026, 07:00:00",0104607154941041215hXXMi93uuMg,left_line,1,datamatrix,0
9,6,null,,,"29.09.2026, 07:00:00",0104607154941041215e:tDL93zttY,left_line,1,datamatrix,0
9,7,null,,,"29.09.2026, 07:00:00",0104607154941041215*kiMz93IOlQ,left_line,1,datamatrix,0
9,8,null,,,"29.09.2026, 07:00:00",0104607154941041215SS1eq93pPEW,left_line,1,datamatrix,0
9,9,null,,,"29.09.2026, 07:00:00",0104607154941041215K0g8t93P0V+,left_line,1,datamatrix,0
9,10,null,,,"29.09.2026, 07:00:00",010460715494104121526KsX93IJVO,left_line,1,datamatrix,0
9,11,null,,,"29.09.2026, 07:00:00",0104607154941041215-dM:%93zTLo,left_line,1,datamatrix,0
9,12,null,,,"29.09.2026, 07:00:00",0104607154941041215jK6Ro93JI3d,left_line,1,datamatrix,0
9,13,null,,,"29.09.2026, 07:00:00",0104607154941041215)kN=H93exil,left_line,1,datamatrix,0
9,14,null,,,"29.09.2026, 07:00:00",0104607154941041215D&qXm93NGi9,left_line,1,datamatrix,0
9,15,null,,,"29.09.2026, 07:00:00",0104607154941041215ALV.N93fKlx,left_line,1,datamatrix,0
9,16,null,,,"29.09.2026, 07:00:00",0104607154941041215(aOLm930N6V,left_line,1,datamatrix,0
9,17,null,,,"29.09.2026, 07:00:00",0104607154941041215c?R>m93HP1b,left_line,1,datamatrix,0
9,18,null,,,"29.09.2026, 07:00:00",0104607154941041215%VEDc93Lj4g,left_line,1,datamatrix,0
9,19,null,,,"29.09.2026, 07:00:00","0104607154941041215,KYfq93sAi1",left_line,1,datamatrix,0
9,20,null,,,"29.09.2026, 07:00:00",0104607154941041215Lxh4I93YSfh,left_line,1,datamatrix,0
9,21,null,,,"29.09.2026, 07:00:00",0104607154941041215Yet*Z93sA1+,left_line,1,datamatrix,0
9,22,null,,,"29.09.2026, 07:00:00",0104607154941041215fcNG(93GLJk,left_line,1,datamatrix,0
9,23,null,,,"29.09.2026, 07:00:00",0104607154941041215qXf4Y93VLmy,left_line,1,datamatrix,0
9,24,null,,,"29.09.2026, 07:00:00",0104607154941041215Yl=VQ93cmyQ,left_line,1,datamatrix,0
9,25,null,,,"29.09.2026, 07:00:00",0104607154941041215cr83H93M818,left_line,1,datamatrix,0
9,26,null,,,"29.09.2026, 07:00:00",0104607154941041215EyUFd939m3I,left_line,1,datamatrix,0
9,27,null,,,"29.09.2026, 07:00:00",0104607154941041215(Hz.k93qH3E,left_line,1,datamatrix,0
9,28,null,,,"29.09.2026, 07:00:00","0104607154941041215C,R+X93da+k",left_line,1,datamatrix,0
9,29,null,,,"29.09.2026, 07:00:00",0104607154941041215WYspu93LyXt,left_line,1,datamatrix,0
9,30,null,,,"29.09.2026, 07:00:00","0104607154941041215""ym4X93N8QK",left_line,1,datamatrix,0
9,31,null,,,"29.09.2026, 07:00:00",0104607154941041215fnaIA93ToKi,left_line,1,datamatrix,0
9,32,null,,,"29.09.2026, 07:00:00",0104607154941041215qOnjZ935Pvh,left_line,1,datamatrix,0
9,33,null,,,"29.09.2026, 07:00:00",0104607154941041215U8axU93KZ01,left_line,1,datamatrix,0
9,34,null,,,"29.09.2026, 07:00:00",01046071549410412158om>593/QIA,left_line,1,datamatrix,0
9,35,null,,,"29.09.2026, 07:00:00",0104607154941041215Bl<!R93B8qx,left_line,1,datamatrix,0
9,36,null,,,"29.09.2026, 07:00:00",0104607154941041215EKY:Q93qSgE,left_line,1,datamatrix,0
9,37,null,,,"29.09.2026, 07:00:00",0104607154941041215:juIp93KOtl,left_line,1,datamatrix,0
9,38,null,,,"29.09.2026, 07:00:00",0104607154941041215(Fq4b93mXSm,left_line,1,datamatrix,0
9,39,null,,,"29.09.2026, 07:00:00",0104607154941041215U&3:u93edOk,left_line,1,datamatrix,0
9,40,null,,,"29.09.2026, 07:00:00",0104607154941041215nKdJc93rLy4,left_line,1,datamatrix,0
9,41,null,,,"29.09.2026, 07:00:00",0104607154941041215J7PEq93IaiD,left_line,1,datamatrix,0
9,42,null,,,"29.09.2026, 07:00:00",0104607154941041215V'bCc93CSio,left_line,1,datamatrix,0
9,43,null,,,"29.09.2026, 07:00:00",0104607154941041215?tep093L6t+,left_line,1,datamatrix,0
9,44,null,,,"29.09.2026, 07:00:00",0104607154941041215M==6S93W0Rx,left_line,1,datamatrix,0
9,45,null,,,"29.09.2026, 07:00:00",0104607154941041215UBBY)93C9tM,left_line,1,datamatrix,0
9,46,null,,,"29.09.2026, 07:00:00",0104607154941041215eBXAB9368dD,left_line,1,datamatrix,0
9,47,null,,,"29.09.2026, 07:00:00","0104607154941041215""SYgq93phQe",left_line,1,datamatrix,0
9,48,null,,,"29.09.2026, 07:00:00",0104607154941041215hy4jd93qVUA,left_line,1,datamatrix,0
9,49,null,,,"29.09.2026, 07:00:00",0104607154941041215:TR!C93hO69,left_line,1,datamatrix,0
9,50,null,,,"29.09.2026, 07:00:00",0104607154941041215GaDoC9301ZP,left_line,1,datamatrix,0
9,51,null,,,"29.09.2026, 07:00:00",0104607154941041215WaR(Y93bnUw,left_line,1,datamatrix,0
9,52,null,,,"29.09.2026, 07:00:00",0104607154941041215UBYQs930x/Q,left_line,1,datamatrix,0
9,53,null,,,"29.09.2026, 07:00:00",0104607154941041215dywWa93vYWl,left_line,1,datamatrix,0
9,54,null,,,"29.09.2026, 07:00:00",0104607154941041215WxZam93nTvv,left_line,1,datamatrix,0
9,55,null,,,"29.09.2026, 07:00:00",0104607154941041215R<n>j93Nq8u,left_line,1,datamatrix,0
9,56,null,,,"29.09.2026, 07:00:00",0104607154941041215XL%T;936Utx,left_line,1,datamatrix,0
9,57,null,,,"29.09.2026, 07:00:00",0104607154941041215WGSBi93dNqM,left_line,1,datamatrix,0
9,58,null,,,"29.09.2026, 07:00:00",0104607154941041215JQF%T93Rb7e,left_line,1,datamatrix,0
9,59,null,,,"29.09.2026, 07:00:00",0104607154941041215NBoEu939FSw,left_line,1,datamatrix,0
9,60,null,,,"29.09.2026, 07:00:00",01046071549410412154:OvT93TqTm,left_line,1,datamatrix,0
9,61,null,,,"29.09.2026, 07:00:00",01046071549410412150AYkL93sSTi,left_line,1,datamatrix,0
9,62,null,,,"29.09.2026, 07:00:00",0104607154941041215SUvi793/o9L,left_line,1,datamatrix,0
9,63,null,,,"29.09.2026, 07:00:00",01046071549410412153L>O<93oDmC,left_line,1,datamatrix,0
9,64,null,,,"29.09.2026, 07:00:00",0104607154941041215c4ij393Nb9S,left_line,1,datamatrix,0
9,65,null,,,"29.09.2026, 07:00:00",0104607154941041215n9s>P93gh/m,left_line,1,datamatrix,0
9,66,null,,,"29.09.2026, 07:00:00","0104607154941041215p6,3G938zvZ",left_line,1,datamatrix,0
9,67,null,,,"29.09.2026, 07:00:00",0104607154941041215aWKCO93SJ0W,left_line,1,datamatrix,0
9,68,null,,,"29.09.2026, 07:00:00",0104607154941041215J)sXF934wmP,left_line,1,datamatrix,0
9,69,null,,,"29.09.2026, 07:00:00","0104607154941041215J,9cl93NyOp",left_line,1,datamatrix,0
9,70,null,,,"29.09.2026, 07:00:00",0104607154941041215DOIWI93JoE6,left_line,1,datamatrix,0
9,71,null,,,"29.09.2026, 07:00:00",0104607154941041215S8kpo93hTMS,left_line,1,datamatrix,0
9,72,null,,,"29.09.2026, 07:00:00",0104607154941041215LsXT493v0es,left_line,1,datamatrix,0
9,73,null,,,"29.09.2026, 07:00:00",0104607154941041215*QSbl93QpFm,left_line,1,datamatrix,0
9,74,null,,,"29.09.2026, 07:00:00",0104607154941041215BMGR!93uFVo,left_line,1,datamatrix,0
9,75,null,,,"29.09.2026, 07:00:00",0104607154941041215g5wCQ93IKtx,left_line,1,datamatrix,0
9,76,null,,,"29.09.2026, 07:00:00",0104607154941041215omdWQ93xrFZ,left_line,1,datamatrix,0
9,77,null,,,"29.09.2026, 07:00:00",0104607154941041215YA7oF932ctH,left_line,1,datamatrix,0
9,78,null,,,"29.09.2026, 07:00:00",0104607154941041215inX5n93QXUK,left_line,1,datamatrix,0
9,79,null,,,"29.09.2026, 07:00:00",0104607154941041215yGAgU93DloZ,left_line,1,datamatrix,0
9,80,null,,,"29.09.2026, 07:00:00",0104607154941041215zt:FY93gi6w,left_line,1,datamatrix,0
9,81,null,,,"29.09.2026, 07:00:00",0104607154941041215;u_YY933hYy,left_line,1,datamatrix,0
9,82,null,,,"29.09.2026, 07:00:00",0104607154941041215wKr!E93f5Gf,left_line,1,datamatrix,0
9,83,null,,,"29.09.2026, 07:00:00",0104607154941041215JODph93oXKn,left_line,1,datamatrix,0
9,84,null,,,"29.09.2026, 07:00:00",0104607154941041215d1sCn93Q4WA,left_line,1,datamatrix,0
9,85,null,,,"29.09.2026, 07:00:00","0104607154941041215HT,6t93Tj87",left_line,1,datamatrix,0
9,86,null,,,"29.09.2026, 07:00:00",01046071549410412159he&D93j5lh,left_line,1,datamatrix,0
9,87,null,,,"29.09.2026, 07:00:00","0104607154941041215""t.fB934Gx4",left_line,1,datamatrix,0
9,88,null,,,"29.09.2026, 07:00:00",0104607154941041215*iktK93sshx,left_line,1,datamatrix,0
9,89,null,,,"29.09.2026, 07:00:00",0104607154941041215GTN?r93hF6B,left_line,1,datamatrix,0
9,90,null,,,"29.09.2026, 07:00:00",0104607154941041215iDrpn93aAHR,left_line,1,datamatrix,0
9,91,null,,,"29.09.2026, 07:00:00",0104607154941041215gP3.P9330J7,left_line,1,datamatrix,0
9,92,null,,,"29.09.2026, 07:00:00",0104607154941041215_QDJW93xr2d,left_line,1,datamatrix,0
9,93,null,,,"29.09.2026, 07:00:00",0104607154941041215jb>g293U/Jp,left_line,1,datamatrix,0
9,94,null,,,"29.09.2026, 07:00:00",01046071549410412151Lq/n93IOZQ,left_line,1,datamatrix,0
9,95,null,,,"29.09.2026, 07:00:00",0104607154941041215te9kW93DRvM,left_line,1,datamatrix,0
9,96,null,,,"29.09.2026, 07:00:00",0104607154941041215plkJ:93Jqgj,left_line,1,datamatrix,0
9,97,null,,,"29.09.2026, 07:00:00",0104607154941041215=RP<s93c7k/,left_line,1,datamatrix,0
9,98,null,,,"29.09.2026, 07:00:00",0104607154941041215%jV(e93v0QM,left_line,1,datamatrix,0
9,99,null,,,"29.09.2026, 07:00:00",0104607154941041215Fr<4r93Xzvm,left_line,1,datamatrix,0
9,100,null,,,"29.09.2026, 07:00:00",0104607154941041215uIKOZ93j0BX,left_line,1,datamatrix,0
9,101,null,,,"29.09.2026, 07:00:00",01046071549410412153puGE93Gx9W,left_line,1,datamatrix,0
9,102,null,,,"29.09.2026, 07:00:00",0104607154941041215WhP2Z93OWkf,left_line,1,datamatrix,0
9,103,null,,,"29.09.2026, 07:00:00",0104607154941041215<dl+s937UER,left_line,1,datamatrix,0
9,104,null,,,"29.09.2026, 07:00:00",01046071549410412150dLKq93P+a7,left_line,1,datamatrix,0
9,105,null,,,"29.09.2026, 07:00:00",0104607154941041215gtkT%93QWYA,left_line,1,datamatrix,0
9,106,null,,,"29.09.2026, 07:00:00",0104607154941041215tOMAb93TS+W,left_line,1,datamatrix,0
9,107,null,,,"29.09.2026, 07:00:00",0104607154941041215fpVth93uuCa,left_line,1,datamatrix,0
9,108,null,,,"29.09.2026, 07:00:00",010460715494104121535aPe93NgW+,left_line,1,datamatrix,0
9,109,null,,,"29.09.2026, 07:00:00",0104607154941041215(7xyc934xNM,left_line,1,datamatrix,0
9,110,null,,,"29.09.2026, 07:00:00",0104607154941041215U.>1B93e0LT,left_line,1,datamatrix,0
9,111,null,,,"29.09.2026, 07:00:00",01046071549410412151IVXq93vOVa,left_line,1,datamatrix,0
9,112,null,,,"29.09.2026, 07:00:00",0104607154941041215=NQ.593QzJN,left_line,1,datamatrix,0
9,113,null,,,"29.09.2026, 07:00:00",0104607154941041215sIJ7K93UsrT,left_line,1,datamatrix,0
9,114,null,,,"29.09.2026, 07:00:00",01046071549410412159eXeR93AbPk,left_line,1,datamatrix,0
9,115,null,,,"29.09.2026, 07:00:00","01046071549410412153JL""?93ROee",left_line,1,datamatrix,0
9,116,null,,,"29.09.2026, 07:00:00",0104607154941041215gqczV93SUFh,left_line,1,datamatrix,0
9,117,null,,,"29.09.2026, 07:00:00",0104607154941041215WJHm893WTqg,left_line,1,datamatrix,0
9,118,null,,,"29.09.2026, 07:00:00",0104607154941041215KdtJ793wI9b,left_line,1,datamatrix,0
9,119,null,,,"29.09.2026, 07:00:00",0104607154941041215HKd+t93aX99,left_line,1,datamatrix,0
9,120,null,,,"29.09.2026, 07:00:00","0104607154941041215nHya""93tdN+",left_line,1,datamatrix,0
9,121,null,,,"29.09.2026, 07:00:00",0104607154941041215gEr2r93H4aS,left_line,1,datamatrix,0
9,122,null,,,"29.09.2026, 07:00:00",0104607154941041215uBDZs93SPMS,left_line,1,datamatrix,0
9,123,null,,,"29.09.2026, 07:00:00",0104607154941041215T;W%s93Qg1L,left_line,1,datamatrix,0
9,124,null,,,"29.09.2026, 07:00:00",0104607154941041215PntaZ93oUcC,left_line,1,datamatrix,0
9,125,null,,,"29.09.2026, 07:00:00",0104607154941041215'cwcG9358bT,left_line,1,datamatrix,0
9,126,null,,,"29.09.2026, 07:00:00",0104607154941041215;cF;M93hIwB,left_line,1,datamatrix,0
9,127,null,,,"29.09.2026, 07:00:00",0104607154941041215<VtW693YZkJ,left_line,1,datamatrix,0
9,128,null,,,"29.09.2026, 07:00:00","0104607154941041215d,TzG93ezNY",left_line,1,datamatrix,0
9,129,null,,,"29.09.2026, 07:00:00",0104607154941041215TpjoU931fGf,left_line,1,datamatrix,0
9,130,null,,,"29.09.2026, 07:00:00",0104607154941041215:LRKN93OL+c,left_line,1,datamatrix,0
9,131,null,,,"29.09.2026, 07:00:00",0104607154941041215qXSsW93pRD8,left_line,1,datamatrix,0
9,132,null,,,"29.09.2026, 07:00:00",0104607154941041215YWIcR93IE94,left_line,1,datamatrix,0
9,133,null,,,"29.09.2026, 07:00:00",0104607154941041215Je!5%93CrME,left_line,1,datamatrix,0
9,134,null,,,"29.09.2026, 07:00:00",0104607154941041215nnBqf93rLun,left_line,1,datamatrix,0
9,135,null,,,"29.09.2026, 07:00:00",0104607154941041215mSwME93SFgi,left_line,1,datamatrix,0
9,136,null,,,"29.09.2026, 07:00:00",0104607154941041215lJe/L933ewl,left_line,1,datamatrix,0
9,137,null,,,"29.09.2026, 07:00:00",0104607154941041215RLt?t93QSNV,left_line,1,datamatrix,0
9,138,null,,,"29.09.2026, 07:00:00",01046071549410412155<12t93GkxH,left_line,1,datamatrix,0
9,139,null,,,"29.09.2026, 07:00:00",0104607154941041215mLTSR93hwKN,left_line,1,datamatrix,0
9,140,null,,,"29.09.2026, 07:00:00",0104607154941041215xJo::93Yz7p,left_line,1,datamatrix,0
9,141,null,,,"29.09.2026, 07:00:00",0104607154941041215hVRTS93/a2E,left_line,1,datamatrix,0
9,142,null,,,"29.09.2026, 07:00:00",0104607154941041215'eUp!933JoV,left_line,1,datamatrix,0
9,143,null,,,"29.09.2026, 07:00:00",0104607154941041215v!H_m93+iqz,left_line,1,datamatrix,0
9,144,null,,,"29.09.2026, 07:00:00",0104607154941041215E>aim93sgKR,left_line,1,datamatrix,0
9,145,null,,,"29.09.2026, 07:00:00",0104607154941041215oCTWz93aSzm,left_line,1,datamatrix,0
9,146,null,,,"29.09.2026, 07:00:00",0104607154941041215jE>3/935KPa,left_line,1,datamatrix,0
9,147,null,,,"29.09.2026, 07:00:00",0104607154941041215Jlsl-939NFq,left_line,1,datamatrix,0
9,148,null,,,"29.09.2026, 07:00:00",0104607154941041215kOfa693jz+u,left_line,1,datamatrix,0
9,149,null,,,"29.09.2026, 07:00:00",0104607154941041215MKPB-93kLzC,left_line,1,datamatrix,0
9,150,null,,,"29.09.2026, 07:00:00",0104607154941041215DYzNl93DbD4,left_line,1,datamatrix,0
9,151,null,,,"29.09.2026, 07:00:00",0104607154941041215M)Fb593w2FY,left_line,1,datamatrix,0
9,152,null,,,"29.09.2026, 07:00:00",0104607154941041215YvOHO93p/DI,left_line,1,datamatrix,0
9,153,null,,,"29.09.2026, 07:00:00",01046071549410412150mms093MOPs,left_line,1,datamatrix,0
9,154,null,,,"29.09.2026, 07:00:00",0104607154941041215=Jtui93Z0LZ,left_line,1,datamatrix,0
9,155,null,,,"29.09.2026, 07:00:00",0104607154941041215zQZRi93Uje0,left_line,1,datamatrix,0
9,156,null,,,"29.09.2026, 07:00:00",0104607154941041215GJHuY93uJJs,left_line,1,datamatrix,0
9,157,null,,,"29.09.2026, 07:00:00",01046071549410412154NmUn93sSct,left_line,1,datamatrix,0
9,158,null,,,"29.09.2026, 07:00:00",0104607154941041215WRbD493IOOV,left_line,1,datamatrix,0
9,159,null,,,"29.09.2026, 07:00:00",0104607154941041215YD%x993n2BJ,left_line,1,datamatrix,0
9,160,null,,,"29.09.2026, 07:00:00",0104607154941041215pBcTT93k9MQ,left_line,1,datamatrix,0
9,161,null,,,"29.09.2026, 07:00:00",0104607154941041215TUrXm934t/0,left_line,1,datamatrix,0
9,162,null,,,"29.09.2026, 07:00:00",0104607154941041215e!ecg93ht9O,left_line,1,datamatrix,0
9,163,null,,,"29.09.2026, 07:00:00",0104607154941041215ykPi'93/Crl,left_line,1,datamatrix,0
9,164,null,,,"29.09.2026, 07:00:00",0104607154941041215qoNt)93Ikgd,left_line,1,datamatrix,0
9,165,null,,,"29.09.2026, 07:00:00",0104607154941041215ApB9z93UHE4,left_line,1,datamatrix,0
9,166,null,,,"29.09.2026, 07:00:00",0104607154941041215i>oN:93EP3B,left_line,1,datamatrix,0
9,167,null,,,"29.09.2026, 07:00:00",01046071549410412158kMSv93uHll,left_line,1,datamatrix,0
9,168,null,,,"29.09.2026, 07:00:00",0104607154941041215nH<ta93O7Wc,left_line,1,datamatrix,0
9,169,null,,,"29.09.2026, 07:00:00",0104607154941041215fmk4H93vdnT,left_line,1,datamatrix,0
9,170,null,,,"29.09.2026, 07:00:00",0104607154941041215K1?n593PV2r,left_line,1,datamatrix,0
9,171,null,,,"29.09.2026, 07:00:00",0104607154941041215M*MOw939BDe,left_line,1,datamatrix,0
9,172,null,,,"29.09.2026, 07:00:00",0104607154941041215Cb_<W93tLOu,left_line,1,datamatrix,0
9,173,null,,,"29.09.2026, 07:00:00","0104607154941041215p,""C>93AoLN",left_line,1,datamatrix,0
9,174,null,,,"29.09.2026, 07:00:00",01046071549410412157?olk93i7ge,left_line,1,datamatrix,0
9,175,null,,,"29.09.2026, 07:00:00",0104607154941041215hAtnX93oU6x,left_line,1,datamatrix,0
9,176,null,,,"29.09.2026, 07:00:00",0104607154941041215jk*aM93vEVv,left_line,1,datamatrix,0
9,177,null,,,"29.09.2026, 07:00:00",0104607154941041215JVHZO93bFIu,left_line,1,datamatrix,0
9,178,null,,,"29.09.2026, 07:00:00",0104607154941041215=zwaN937f7C,left_line,1,datamatrix,0
9,179,null,,,"29.09.2026, 07:00:00",0104607154941041215vLYXA93QbMe,left_line,1,datamatrix,0
9,180,null,,,"29.09.2026, 07:00:00",0104607154941041215Y.doF93isEg,left_line,1,datamatrix,0
9,181,null,,,"29.09.2026, 07:00:00",0104607154941041215hyzhT931d/0,left_line,1,datamatrix,0
9,182,null,,,"29.09.2026, 07:00:00",0104607154941041215F'jpn930PCV,left_line,1,datamatrix,0
9,183,null,,,"29.09.2026, 07:00:00","0104607154941041215hZTU,935lxR",left_line,1,datamatrix,0
9,184,null,,,"29.09.2026, 07:00:00",0104607154941041215rWr4U93Ybj0,left_line,1,datamatrix,0
9,185,null,,,"29.09.2026, 07:00:00",0104607154941041215OeV!c931lK8,left_line,1,datamatrix,0
9,186,null,,,"29.09.2026, 07:00:00",0104607154941041215JYC'j93kOPn,left_line,1,datamatrix,0
9,187,null,,,"29.09.2026, 07:00:00",0104607154941041215OvNUJ93S03m,left_line,1,datamatrix,0
9,188,null,,,"29.09.2026, 07:00:00",0104607154941041215jPBF;93mOD5,left_line,1,datamatrix,0
9,189,null,,,"29.09.2026, 07:00:00",0104607154941041215DW>Oj93wanD,left_line,1,datamatrix,0
9,190,null,,,"29.09.2026, 07:00:00",0104607154941041215hOIAf93y5TY,left_line,1,datamatrix,0
9,191,null,,,"29.09.2026, 07:00:00",0104607154941041215a_cRW93tX1q,left_line,1,datamatrix,0
9,192,null,,,"29.09.2026, 07:00:00",0104607154941041215WkUC0930dnc,left_line,1,datamatrix,0
9,193,null,,,"29.09.2026, 07:00:00","01046071549410412158rd(""93XMTh",left_line,1,datamatrix,0
9,194,null,,,"29.09.2026, 07:00:00",0104607154941041215s=MX&935Os0,left_line,1,datamatrix,0
9,195,null,,,"29.09.2026, 07:00:00",01046071549410412153A_3r93zmb7,left_line,1,datamatrix,0
9,196,null,,,"29.09.2026, 07:00:00",0104607154941041215cYB6T93fDEt,left_line,1,datamatrix,0
9,197,null,,,"29.09.2026, 07:00:00",0104607154941041215poI&N93eBi8,left_line,1,datamatrix,0
9,198,null,,,"29.09.2026, 07:00:00",0104607154941041215Lsr.o93yqNd,left_line,1,datamatrix,0
9,199,null,,,"29.09.2026, 07:00:00",0104607154941041215%r)6d93ZvUW,left_line,1,datamatrix,0
9,200,null,,,"29.09.2026, 07:00:00","0104607154941041215q5,nS933v36",left_line,1,datamatrix,0
9,201,null,,,"29.09.2026, 07:00:00",01046071549410412154m<ZZ93V5fW,left_line,1,datamatrix,0
9,202,null,,,"29.09.2026, 07:00:00",0104607154941041215IvP2p93JWtX,left_line,1,datamatrix,0
9,203,null,,,"29.09.2026, 07:00:00","0104607154941041215V/L,Z93z2oV",left_line,1,datamatrix,0
9,204,null,,,"29.09.2026, 07:00:00",0104607154941041215tlUWG93H7iJ,left_line,1,datamatrix,0
9,205,null,,,"29.09.2026, 07:00:00",0104607154941041215z%m-.93oZNK,left_line,1,datamatrix,0
9,206,null,,,"29.09.2026, 07:00:00",0104607154941041215&+MPF93mZCY,left_line,1,datamatrix,0
9,207,null,,,"29.09.2026, 07:00:00",0104607154941041215pO8iq93aZF2,left_line,1,datamatrix,0
9,208,null,,,"29.09.2026, 07:00:00",0104607154941041215IHfuR93cI6e,left_line,1,datamatrix,0
9,209,null,,,"29.09.2026, 07:00:00",01046071549410412150IfhF93u3Uk,left_line,1,datamatrix,0
9,210,null,,,"29.09.2026, 07:00:00",0104607154941041215gl;zG939/hp,left_line,1,datamatrix,0
9,211,null,,,"29.09.2026, 07:00:00",0104607154941041215cKmO)938L9l,left_line,1,datamatrix,0
9,212,null,,,"29.09.2026, 07:00:00",0104607154941041215UTUKL93zF9b,left_line,1,datamatrix,0
9,213,null,,,"29.09.2026, 07:00:00",0104607154941041215+:_6Q937XKy,left_line,1,datamatrix,0
9,214,null,,,"29.09.2026, 07:00:00",0104607154941041215hcOb+93UINT,left_line,1,datamatrix,0
9,215,null,,,"29.09.2026, 07:00:00","0104607154941041215v%,Ir93xJs9",left_line,1,datamatrix,0
9,216,null,,,"29.09.2026, 07:00:00",0104607154941041215sR8n:93zFCR,left_line,1,datamatrix,0
9,217,null,,,"29.09.2026, 07:00:00",0104607154941041215tCUmM93QP8O,left_line,1,datamatrix,0
9,218,null,,,"29.09.2026, 07:00:00","0104607154941041215""Dvqw93OEZL",left_line,1,datamatrix,0
9,219,null,,,"29.09.2026, 07:00:00",0104607154941041215YTs5Y93kOok,left_line,1,datamatrix,0
9,220,null,,,"29.09.2026, 07:00:00",01046071549410412159R+Rw93CYgz,left_line,1,datamatrix,0
9,221,null,,,"29.09.2026, 07:00:00",0104607154941041215VWgh)93aRJv,left_line,1,datamatrix,0
9,222,null,,,"29.09.2026, 07:00:00",0104607154941041215IW.jj93JCau,left_line,1,datamatrix,0
9,223,null,,,"29.09.2026, 07:00:00",0104607154941041215!rTXv93/2La,left_line,1,datamatrix,0
9,224,null,,,"29.09.2026, 07:00:00",0104607154941041215X%_Me93oHMF,left_line,1,datamatrix,0
9,225,null,,,"29.09.2026, 07:00:00",0104607154941041215'W;lO93BFYf,left_line,1,datamatrix,0
9,226,null,,,"29.09.2026, 07:00:00",0104607154941041215p='Mr93OTft,left_line,1,datamatrix,0
9,227,null,,,"29.09.2026, 07:00:00",0104607154941041215JeVhs93gqFB,left_line,1,datamatrix,0
9,228,null,,,"29.09.2026, 07:00:00",0104607154941041215kSiQJ93Kt7m,left_line,1,datamatrix,0
9,229,null,,,"29.09.2026, 07:00:00",0104607154941041215p=ISN93/JaL,left_line,1,datamatrix,0
9,230,null,,,"29.09.2026, 07:00:00",0104607154941041215hxCfW93i3YK,left_line,1,datamatrix,0
9,231,null,,,"29.09.2026, 07:00:00",0104607154941041215FDWkU93W9Gy,left_line,1,datamatrix,0
9,232,null,,,"29.09.2026, 07:00:00",0104607154941041215GlQiM93U8IP,left_line,1,datamatrix,0
9,233,null,,,"29.09.2026, 07:00:00",0104607154941041215d2-SI93KSdL,left_line,1,datamatrix,0
9,234,null,,,"29.09.2026, 07:00:00",0104607154941041215EYA-m93nEjg,left_line,1,datamatrix,0
9,235,null,,,"29.09.2026, 07:00:00",0104607154941041215uz>JI93sYIL,left_line,1,datamatrix,0
9,236,null,,,"29.09.2026, 07:00:00",0104607154941041215lraK&93SRFR,left_line,1,datamatrix,0
9,237,null,,,"29.09.2026, 07:00:00",0104607154941041215OuhRO93l4Hp,left_line,1,datamatrix,0
9,238,null,,,"29.09.2026, 07:00:00",0104607154941041215r2bvP93UwcK,left_line,1,datamatrix,0
9,239,null,,,"29.09.2026, 07:00:00",0104607154941041215nPQz793g/UH,left_line,1,datamatrix,0
9,240,null,,,"29.09.2026, 07:00:00","01046071549410412158""yl*93W4Gk",left_line,1,datamatrix,0
9,241,null,,,"29.09.2026, 07:00:00",0104607154941041215GCTxk93wvS3,left_line,1,datamatrix,0
9,242,null,,,"29.09.2026, 07:00:00",0104607154941041215aaWC:93yzhm,left_line,1,datamatrix,0
9,243,null,,,"29.09.2026, 07:00:00",0104607154941041215WTShJ93g2PL,left_line,1,datamatrix,0
9,244,null,,,"29.09.2026, 07:00:00",0104607154941041215eKbOk93tFl6,left_line,1,datamatrix,0
9,245,null,,,"29.09.2026, 07:00:00",0104607154941041215zaR2B93DwgG,left_line,1,datamatrix,0
9,246,null,,,"29.09.2026, 07:00:00",0104607154941041215JiB2g93Eiu9,left_line,1,datamatrix,0
9,247,null,,,"29.09.2026, 07:00:00",0104607154941041215t2ioK93spVT,left_line,1,datamatrix,0
9,248,null,,,"29.09.2026, 07:00:00",0104607154941041215mKgO%93mHfV,left_line,1,datamatrix,0
9,249,null,,,"29.09.2026, 07:00:00",0104607154941041215O-H%x93h/pF,left_line,1,datamatrix,0
9,250,null,,,"29.09.2026, 07:00:00",0104607154941041215sKiE<93AV3T,left_line,1,datamatrix,0
9,251,null,,,"29.09.2026, 07:00:00",0104607154941041215ygVL.93egfG,left_line,1,datamatrix,0
9,252,null,,,"29.09.2026, 07:00:00",0104607154941041215gXodj93+dDS,left_line,1,datamatrix,0
9,253,null,,,"29.09.2026, 07:00:00",0104607154941041215c<dXS93ZW/X,left_line,1,datamatrix,0
9,254,null,,,"29.09.2026, 07:00:00",0104607154941041215QW0LI93ZxJ8,left_line,1,datamatrix,0
9,255,null,,,"29.09.2026, 07:00:00",0104607154941041215KpFC:93jqMH,left_line,1,datamatrix,0
9,256,null,,,"29.09.2026, 07:00:00",0104607154941041215;5+QE93ttOm,left_line,1,datamatrix,0
9,257,null,,,"29.09.2026, 07:00:00",0104607154941041215MkCeF938E7a,left_line,1,datamatrix,0
9,258,null,,,"29.09.2026, 07:00:00","0104607154941041215r,D;+93aiAM",left_line,1,datamatrix,0
9,259,null,,,"29.09.2026, 07:00:00",0104607154941041215kqbF093lwkU,left_line,1,datamatrix,0
9,260,null,,,"29.09.2026, 07:00:00",0104607154941041215k;VkI93Z0OO,left_line,1,datamatrix,0
9,261,null,,,"29.09.2026, 07:00:00",0104607154941041215*>tBN939pnV,left_line,1,datamatrix,0
9,262,null,,,"29.09.2026, 07:00:00","0104607154941041215P/""?v93pNjx",left_line,1,datamatrix,0
9,263,null,,,"29.09.2026, 07:00:00",01046071549410412156IA_U93yKi4,left_line,1,datamatrix,0
9,264,null,,,"29.09.2026, 07:00:00",01046071549410412155AKYE93WoqQ,left_line,1,datamatrix,0
9,265,null,,,"29.09.2026, 07:00:00",0104607154941041215CLmx593riOh,left_line,1,datamatrix,0
9,266,null,,,"29.09.2026, 07:00:00",0104607154941041215Pnlvn935x1A,left_line,1,datamatrix,0
9,267,null,,,"29.09.2026, 07:00:00",01046071549410412156Fv5%93PHha,left_line,1,datamatrix,0
9,268,null,,,"29.09.2026, 07:00:00",0104607154941041215h4P2w93nc94,left_line,1,datamatrix,0
9,269,null,,,"29.09.2026, 07:00:00",01046071549410412158fhCU93kxgZ,left_line,1,datamatrix,0
9,270,null,,,"29.09.2026, 07:00:00",0104607154941041215iXe=%93MV4X,left_line,1,datamatrix,0
9,271,null,,,"29.09.2026, 07:00:00",0104607154941041215Dl</-93DcXq,left_line,1,datamatrix,0
9,272,null,,,"29.09.2026, 07:00:00",0104607154941041215uMVei9373GE,left_line,1,datamatrix,0
9,273,null,,,"29.09.2026, 07:00:00",0104607154941041215nm9HM93TJIx,left_line,1,datamatrix,0
9,274,null,,,"29.09.2026, 07:00:00",0104607154941041215<JAjL93O9DD,left_line,1,datamatrix,0
9,275,null,,,"29.09.2026, 07:00:00",0104607154941041215iOijG93K+oP,left_line,1,datamatrix,0
9,276,null,,,"29.09.2026, 07:00:00",0104607154941041215+VZPu93FhV5,left_line,1,datamatrix,0
9,277,null,,,"29.09.2026, 07:00:00",0104607154941041215JYEaV93Lq+j,left_line,1,datamatrix,0
9,278,null,,,"29.09.2026, 07:00:00",0104607154941041215cncQq93w080,left_line,1,datamatrix,0
9,279,null,,,"29.09.2026, 07:00:00","0104607154941041215k1T,T93c3Ck",left_line,1,datamatrix,0
9,280,null,,,"29.09.2026, 07:00:00",0104607154941041215qDrp893vBeY,left_line,1,datamatrix,0
9,281,null,,,"29.09.2026, 07:00:00",0104607154941041215>WsMT93rDQ3,left_line,1,datamatrix,0
9,282,null,,,"29.09.2026, 07:00:00",0104607154941041215jbYIZ93oSGd,left_line,1,datamatrix,0
9,283,null,,,"29.09.2026, 07:00:00",0104607154941041215ONjtY93ciTI,left_line,1,datamatrix,0
9,284,null,,,"29.09.2026, 07:00:00",0104607154941041215LhWKe93+a80,left_line,1,datamatrix,0
9,285,null,,,"29.09.2026, 07:00:00",0104607154941041215JqdJh93+sE8,left_line,1,datamatrix,0
9,286,null,,,"29.09.2026, 07:00:00",0104607154941041215Y=M?C93MmEb,left_line,1,datamatrix,0
9,287,null,,,"29.09.2026, 07:00:00",0104607154941041215TlA*m93fI8s,left_line,1,datamatrix,0
9,288,null,,,"29.09.2026, 07:00:00",0104607154941041215CtkTr93axcc,left_line,1,datamatrix,0
9,289,null,,,"29.09.2026, 07:00:00",0104607154941041215i0.5t93/weO,left_line,1,datamatrix,0
9,290,null,,,"29.09.2026, 07:00:00",0104607154941041215LUeek937IuB,left_line,1,datamatrix,0
9,291,null,,,"29.09.2026, 07:00:00","0104607154941041215Mp9B,931S6V",left_line,1,datamatrix,0
9,292,null,,,"29.09.2026, 07:00:00",0104607154941041215g0lEi93dNOt,left_line,1,datamatrix,0
9,293,null,,,"29.09.2026, 07:00:00",01046071549410412151WcB0939Mfz,left_line,1,datamatrix,0
9,294,null,,,"29.09.2026, 07:00:00",0104607154941041215Sdktk93S7ZS,left_line,1,datamatrix,0
9,295,null,,,"29.09.2026, 07:00:00",0104607154941041215lSiuf93Bi73,left_line,1,datamatrix,0
9,296,null,,,"29.09.2026, 07:00:00",0104607154941041215vOJT%93qAjl,left_line,1,datamatrix,0
9,297,null,,,"29.09.2026, 07:00:00",0104607154941041215;danh93QuBQ,left_line,1,datamatrix,0
9,298,null,,,"29.09.2026, 07:00:00",0104607154941041215LEta593sOWx,left_line,1,datamatrix,0
9,299,null,,,"29.09.2026, 07:00:00",0104607154941041215l)+lz93CBhs,left_line,1,datamatrix,0
9,300,null,,,"29.09.2026, 07:00:00",0104607154941041215<c(eB93E0X3,left_line,1,datamatrix,0
9,301,null,,,"29.09.2026, 07:00:00",0104607154941041215JebNR93Ru3x,left_line,1,datamatrix,0
9,302,null,,,"29.09.2026, 07:00:00",0104607154941041215RGbct93TL7I,left_line,1,datamatrix,0
9,303,null,,,"29.09.2026, 07:00:00",0104607154941041215h&fHW93LUlp,left_line,1,datamatrix,0
9,304,null,,,"29.09.2026, 07:00:00",0104607154941041215+NQb:93fNzG,left_line,1,datamatrix,0
9,305,null,,,"29.09.2026, 07:00:00",0104607154941041215a?CQg93MR8P,left_line,1,datamatrix,0
9,306,null,,,"29.09.2026, 07:00:00",0104607154941041215_vuyq93Cxin,left_line,1,datamatrix,0
9,307,null,,,"29.09.2026, 07:00:00",0104607154941041215oJT%p93qu3V,left_line,1,datamatrix,0
9,308,null,,,"29.09.2026, 07:00:00",0104607154941041215WLTsE93qt+j,left_line,1,datamatrix,0
9,309,null,,,"29.09.2026, 07:00:00",0104607154941041215qHrQ!93QQfD,left_line,1,datamatrix,0
9,310,null,,,"29.09.2026, 07:00:00",0104607154941041215yUEl'939RqR,left_line,1,datamatrix,0
9,311,null,,,"29.09.2026, 07:00:00",0104607154941041215Bq1!q93K9kM,left_line,1,datamatrix,0
9,312,null,,,"29.09.2026, 07:00:00",0104607154941041215QP:ak93gtx0,left_line,1,datamatrix,0
9,313,null,,,"29.09.2026, 07:00:00",0104607154941041215.Gcq'93wTrZ,left_line,1,datamatrix,0
9,314,null,,,"29.09.2026, 07:00:00",0104607154941041215tD7KY93w973,left_line,1,datamatrix,0
9,315,null,,,"29.09.2026, 07:00:00",01046071549410412154j'Jj930xxw,left_line,1,datamatrix,0
9,316,null,,,"29.09.2026, 07:00:00","0104607154941041215RLa2""93VcES",left_line,1,datamatrix,0
9,317,null,,,"29.09.2026, 07:00:00",0104607154941041215XRt1Q93e4xw,left_line,1,datamatrix,0
9,318,null,,,"29.09.2026, 07:00:00",0104607154941041215xAHZ793QTPr,left_line,1,datamatrix,0
9,319,null,,,"29.09.2026, 07:00:00",0104607154941041215t;Q1C93T8B0,left_line,1,datamatrix,0
9,320,null,,,"29.09.2026, 07:00:00",0104607154941041215Nn;f-93Y6aJ,left_line,1,datamatrix,0
9,321,null,,,"29.09.2026, 07:00:00",0104607154941041215qR4jM93cmTK,left_line,1,datamatrix,0
9,322,null,,,"29.09.2026, 07:00:00",0104607154941041215mYj/a93nevA,left_line,1,datamatrix,0
9,323,null,,,"29.09.2026, 07:00:00",01046071549410412152s2-l939y5h,left_line,1,datamatrix,0
9,324,null,,,"29.09.2026, 07:00:00",0104607154941041215P5F7y93n3e3,left_line,1,datamatrix,0
9,325,null,,,"29.09.2026, 07:00:00",0104607154941041215m)R=J93ckoJ,left_line,1,datamatrix,0
9,326,null,,,"29.09.2026, 07:00:00",0104607154941041215qp2<a93S36s,left_line,1,datamatrix,0
9,327,null,,,"29.09.2026, 07:00:00",0104607154941041215UhkHB93+CqA,left_line,1,datamatrix,0
9,328,null,,,"29.09.2026, 07:00:00",0104607154941041215Gr4EO93/dzF,left_line,1,datamatrix,0
9,329,null,,,"29.09.2026, 07:00:00",0104607154941041215D8wRa93faOf,left_line,1,datamatrix,0
9,330,null,,,"29.09.2026, 07:00:00",0104607154941041215IyXGb930zHP,left_line,1,datamatrix,0
9,331,null,,,"29.09.2026, 07:00:00",0104607154941041215=iY):93YMRQ,left_line,1,datamatrix,0
9,332,null,,,"29.09.2026, 07:00:00",0104607154941041215-.pdg93Mjpe,left_line,1,datamatrix,0
9,333,null,,,"29.09.2026, 07:00:00",0104607154941041215AKNJU93YJZO,left_line,1,datamatrix,0
9,334,null,,,"29.09.2026, 07:00:00",0104607154941041215k<b&Q93RnJy,left_line,1,datamatrix,0
9,335,null,,,"29.09.2026, 07:00:00",0104607154941041215fplrA93sSYu,left_line,1,datamatrix,0
9,336,null,,,"29.09.2026, 07:00:00","0104607154941041215;m.d,93pV2M",left_line,1,datamatrix,0
9,337,null,,,"29.09.2026, 07:00:00",0104607154941041215w7_-C93GWi3,left_line,1,datamatrix,0
9,338,null,,,"29.09.2026, 07:00:00",0104607154941041215t/Xf.93GY1c,left_line,1,datamatrix,0
9,339,null,,,"29.09.2026, 07:00:00","0104607154941041215G,9po93npvM",left_line,1,datamatrix,0
9,340,null,,,"29.09.2026, 07:00:00",0104607154941041215-+EWw937M6G,left_line,1,datamatrix,0
9,341,null,,,"29.09.2026, 07:00:00",0104607154941041215GnQf0931Yxg,left_line,1,datamatrix,0
9,342,null,,,"29.09.2026, 07:00:00","0104607154941041215,Ri!g93TUwW",left_line,1,datamatrix,0
9,343,null,,,"29.09.2026, 07:00:00",0104607154941041215_jlyz93ec3F,left_line,1,datamatrix,0
9,344,null,,,"29.09.2026, 07:00:00",0104607154941041215GPoKL93Bq4v,left_line,1,datamatrix,0
9,345,null,,,"29.09.2026, 07:00:00",0104607154941041215WuK.G93jPhq,left_line,1,datamatrix,0
9,346,null,,,"29.09.2026, 07:00:00",01046071549410412152nO9G93wFcO,left_line,1,datamatrix,0
9,347,null,,,"29.09.2026, 07:00:00",0104607154941041215bKImP93iyX9,left_line,1,datamatrix,0
9,348,null,,,"29.09.2026, 07:00:00",0104607154941041215frJ3j93vYeL,left_line,1,datamatrix,0
9,349,null,,,"29.09.2026, 07:00:00",0104607154941041215k78Wv93oTz2,left_line,1,datamatrix,0
9,350,null,,,"29.09.2026, 07:00:00","0104607154941041215IzG,F938K4H",left_line,1,datamatrix,0
9,351,null,,,"29.09.2026, 07:00:00",0104607154941041215BWKnn93GdHO,left_line,1,datamatrix,0
9,352,null,,,"29.09.2026, 07:00:00",0104607154941041215Y<//i93i39k,left_line,1,datamatrix,0
9,353,null,,,"29.09.2026, 07:00:00",0104607154941041215K*UB:93aj1A,left_line,1,datamatrix,0
9,354,null,,,"29.09.2026, 07:00:00",0104607154941041215ygCbT93XjJG,left_line,1,datamatrix,0
9,355,null,,,"29.09.2026, 07:00:00",0104607154941041215cUhfS93exn6,left_line,1,datamatrix,0
9,356,null,,,"29.09.2026, 07:00:00",0104607154941041215rbHmf93w0Sk,left_line,1,datamatrix,0
9,357,null,,,"29.09.2026, 07:00:00",0104607154941041215JC9xx93qqV8,left_line,1,datamatrix,0
9,358,null,,,"29.09.2026, 07:00:00",0104607154941041215lhD1T93gtd4,left_line,1,datamatrix,0
9,359,null,,,"29.09.2026, 07:00:00",01046071549410412159J.tb93KOfG,left_line,1,datamatrix,0
9,360,null,,,"29.09.2026, 07:00:00",0104607154941041215lStm593ktKU,left_line,1,datamatrix,0
9,361,null,,,"29.09.2026, 07:00:00",0104607154941041215xqErW93rZ8F,left_line,1,datamatrix,0
9,362,null,,,"29.09.2026, 07:00:00",0104607154941041215Um)RW93HjD8,left_line,1,datamatrix,0
9,363,null,,,"29.09.2026, 07:00:00",0104607154941041215?dymB93t+CQ,left_line,1,datamatrix,0
9,364,null,,,"29.09.2026, 07:00:00",0104607154941041215igkrs93zjFI,left_line,1,datamatrix,0
9,365,null,,,"29.09.2026, 07:00:00",0104607154941041215BFAR193HsUa,left_line,1,datamatrix,0
9,366,null,,,"29.09.2026, 07:00:00",0104607154941041215QEkOW93ufWY,left_line,1,datamatrix,0
9,367,null,,,"29.09.2026, 07:00:00",0104607154941041215KBBEN93sXDs,left_line,1,datamatrix,0
9,368,null,,,"29.09.2026, 07:00:00",0104607154941041215%/bXJ934c5I,left_line,1,datamatrix,0
9,369,null,,,"29.09.2026, 07:00:00",0104607154941041215z:pQY93yFw9,left_line,1,datamatrix,0
9,370,null,,,"29.09.2026, 07:00:00",0104607154941041215y/Zc593tpm1,left_line,1,datamatrix,0
9,371,null,,,"29.09.2026, 07:00:00",01046071549410412150T4w>93kp3o,left_line,1,datamatrix,0
9,372,null,,,"29.09.2026, 07:00:00",0104607154941041215>HVaT93WgVD,left_line,1,datamatrix,0
9,373,null,,,"29.09.2026, 07:00:00",0104607154941041215GWEwy93i+Xg,left_line,1,datamatrix,0
9,374,null,,,"29.09.2026, 07:00:00",0104607154941041215li-zK93wLwm,left_line,1,datamatrix,0
9,375,null,,,"29.09.2026, 07:00:00",0104607154941041215viLbU93dQ1X,left_line,1,datamatrix,0
9,376,null,,,"29.09.2026, 07:00:00",0104607154941041215K&FZC93C8ln,left_line,1,datamatrix,0
9,377,null,,,"29.09.2026, 07:00:00",0104607154941041215sa4Rk93Sfsw,left_line,1,datamatrix,0
9,378,null,,,"29.09.2026, 07:00:00",0104607154941041215THX%D939HXG,left_line,1,datamatrix,0
9,379,null,,,"29.09.2026, 07:00:00",0104607154941041215daT3293cAnR,left_line,1,datamatrix,0
9,380,null,,,"29.09.2026, 07:00:00",0104607154941041215j?rnZ93OVqn,left_line,1,datamatrix,0
9,381,null,,,"29.09.2026, 07:00:00",0104607154941041215Bv:o993LIgw,left_line,1,datamatrix,0
9,382,null,,,"29.09.2026, 07:00:00","0104607154941041215;%""GT937Lpn",left_line,1,datamatrix,0
9,383,null,,,"29.09.2026, 07:00:00",0104607154941041215hbjIL93sI8n,left_line,1,datamatrix,0
9,384,null,,,"29.09.2026, 07:00:00","0104607154941041215rV6,S93+zyq",left_line,1,datamatrix,0
9,385,null,,,"29.09.2026, 07:00:00",0104607154941041215TfP(W93/ZEF,left_line,1,datamatrix,0
9,386,null,,,"29.09.2026, 07:00:00",0104607154941041215lH7yC93AKGt,left_line,1,datamatrix,0
9,387,null,,,"29.09.2026, 07:00:00",0104607154941041215qjkx693V1+I,left_line,1,datamatrix,0
9,388,null,,,"29.09.2026, 07:00:00",0104607154941041215HTGxR93dvFd,left_line,1,datamatrix,0
9,389,null,,,"29.09.2026, 07:00:00",0104607154941041215nj*cT93jFFc,left_line,1,datamatrix,0
9,390,null,,,"29.09.2026, 07:00:00",0104607154941041215v:CMs93rR1m,left_line,1,datamatrix,0
9,391,null,,,"29.09.2026, 07:00:00","0104607154941041215POZ""P932aT3",left_line,1,datamatrix,0
9,392,null,,,"29.09.2026, 07:00:00",0104607154941041215FZln>93Aesa,left_line,1,datamatrix,0
9,393,null,,,"29.09.2026, 07:00:00",0104607154941041215N+brl93fggF,left_line,1,datamatrix,0
9,394,null,,,"29.09.2026, 07:00:00","0104607154941041215,2Mzb93ou8E",left_line,1,datamatrix,0
9,395,null,,,"29.09.2026, 07:00:00",0104607154941041215X==DT93B+69,left_line,1,datamatrix,0
9,396,null,,,"29.09.2026, 07:00:00",0104607154941041215eMla%93dSZH,left_line,1,datamatrix,0
9,397,null,,,"29.09.2026, 07:00:00",0104607154941041215xX8Gv93lgJ9,left_line,1,datamatrix,0
9,398,null,,,"29.09.2026, 07:00:00","0104607154941041215Jo<""v93xCSU",left_line,1,datamatrix,0
9,399,null,,,"29.09.2026, 07:00:00",0104607154941041215WoFXO93/Zrb,left_line,1,datamatrix,0
9,400,null,,,"29.09.2026, 07:00:00",0104607154941041215H?:fE93tr5J,left_line,1,datamatrix,0
9,401,null,,,"29.09.2026, 07:00:00",0104607154941041215e?WcA93kUpc,left_line,1,datamatrix,0
9,402,null,,,"29.09.2026, 07:00:00",0104607154941041215gp%tm937HAM,left_line,1,datamatrix,0
9,403,null,,,"29.09.2026, 07:00:00",0104607154941041215WRGEH93XuwN,left_line,1,datamatrix,0
9,404,null,,,"29.09.2026, 07:00:00",0104607154941041215)miOA939HbV,left_line,1,datamatrix,0
9,405,null,,,"29.09.2026, 07:00:00",0104607154941041215BVLmh93mucG,left_line,1,datamatrix,0
9,406,null,,,"29.09.2026, 07:00:00",0104607154941041215DA==m9305f+,left_line,1,datamatrix,0
9,407,null,,,"29.09.2026, 07:00:00",0104607154941041215O8qhy937j+f,left_line,1,datamatrix,0
9,408,null,,,"29.09.2026, 07:00:00",0104607154941041215tTcI(933XI9,left_line,1,datamatrix,0
9,409,null,,,"29.09.2026, 07:00:00",0104607154941041215kCYpM93pTZX,left_line,1,datamatrix,0
9,410,null,,,"29.09.2026, 07:00:00",0104607154941041215*ZWg:93dFJl,left_line,1,datamatrix,0
9,411,null,,,"29.09.2026, 07:00:00",0104607154941041215KmAsD93KEEq,left_line,1,datamatrix,0
9,412,null,,,"29.09.2026, 07:00:00",0104607154941041215YnWFa93bXuV,left_line,1,datamatrix,0
9,413,null,,,"29.09.2026, 07:00:00",0104607154941041215kqSjI93tWem,left_line,1,datamatrix,0
9,414,null,,,"29.09.2026, 07:00:00",0104607154941041215jEPw%93kMk0,left_line,1,datamatrix,0
9,415,null,,,"29.09.2026, 07:00:00",0104607154941041215.7cPB93VXfV,left_line,1,datamatrix,0
9,416,null,,,"29.09.2026, 07:00:00",0104607154941041215-q&=>93Gf89,left_line,1,datamatrix,0
9,417,null,,,"29.09.2026, 07:00:00",0104607154941041215NJLCt93kcm8,left_line,1,datamatrix,0
9,418,null,,,"29.09.2026, 07:00:00",0104607154941041215r7XSn93SpdK,left_line,1,datamatrix,0
9,419,null,,,"29.09.2026, 07:00:00",0104607154941041215WkE8I93kfvV,left_line,1,datamatrix,0
9,420,null,,,"29.09.2026, 07:00:00",0104607154941041215z4.dW93mNLR,left_line,1,datamatrix,0